{
  "project_info": {
    "project_number": "235319358258",
    "firebase_url": "https://porteiro-inteligente.firebaseio.com",
    "project_id": "porteiro-inteligente",
    "storage_bucket": "porteiro-inteligente.appspot.com"
  },
  "client": [
    {
      "client_info": {
        "mobilesdk_app_id": "1:235319358258:android:ba13557b8aaf8c932d1d2b",
        "android_client_info": {
          "package_name": "com.doorman.firebaseapp"
        }
      },
      "oauth_client": [
        {
          "client_id": "235319358258-sntg962586qet70gq6eetcbl5efqjuic.apps.googleusercontent.com",
          "client_type": 1,
          "android_info": {
            "package_name": "com.doorman.firebaseapp",
            "certificate_hash": "2a2e31f9d5b12804074bc9d063ff04ce11d745b5"
          }
        },
        {
          "client_id": "235319358258-5e60vv9g7igivj4vd6fk93v9126bp7o6.apps.googleusercontent.com",
          "client_type": 3
        }
      ],
      "api_key": [
        {
          "current_key": "AIzaSyAM1pcEKjPaADB_2N7lsEYKtioHhqElcao"
        }
      ],
      "services": {
        "appinvite_service": {
          "other_platform_oauth_client": [
            {
              "client_id": "235319358258-5e60vv9g7igivj4vd6fk93v9126bp7o6.apps.googleusercontent.com",
              "client_type": 3
            }
          ]
        }
      }
    },
    {
      "client_info": {
        "mobilesdk_app_id": "1:235319358258:android:eed5acf4e060fc7d2d1d2b",
        "android_client_info": {
          "package_name": "com.doorman.porteirointeligente"
        }
      },
      "oauth_client": [
        {
          "client_id": "235319358258-tof4pdi7e6hjv4pco6n6ltdqva0lat2i.apps.googleusercontent.com",
          "client_type": 1,
          "android_info": {
            "package_name": "com.doorman.porteirointeligente",
            "certificate_hash": "2a2e31f9d5b12804074bc9d063ff04ce11d745b5"
          }
        },
        {
          "client_id": "235319358258-5e60vv9g7igivj4vd6fk93v9126bp7o6.apps.googleusercontent.com",
          "client_type": 3
        }
      ],
      "api_key": [
        {
          "current_key": "AIzaSyAM1pcEKjPaADB_2N7lsEYKtioHhqElcao"
        }
      ],
      "services": {
        "appinvite_service": {
          "other_platform_oauth_client": [
            {
              "client_id": "235319358258-5e60vv9g7igivj4vd6fk93v9126bp7o6.apps.googleusercontent.com",
              "client_type": 3
            }
          ]
        }
      }
    }
  ],
  "configuration_version": "1"
}